MAE,RMSE,R2,MAPE
234.14089965820312,279.81556425617214,-0.01494598388671875,953.351
