MAE,RMSE,R2,MAPE
240.2389373779297,284.1331389067456,-0.04650890827178955,996.6327
