MAE,RMSE,R2,MAPE
241.92495727539062,284.45342325238414,-0.04886960983276367,967.4902
